id,label
10097,0.9999361038208008
10268,0.996507465839386
1167,0.9995718598365784
1618,1.7415877664461732e-05
2749,6.367020105590981e-11
5872,0.00016652760677970946
11800,0.9921784400939941
283,0.471352219581604
566,0.9999994039535522
6294,0.9922003149986267
7749,0.0002970578789245337
10866,1.0
12353,0.00019478137255646288
183,0.471352219581604
3729,0.7123621106147766
1105,0.9998338222503662
8740,0.9999845027923584
5601,0.0058148023672401905
1669,0.9993913173675537
11406,0.9948980212211609
6311,0.7188708186149597
7613,0.9973588585853577
9094,4.081887709617149e-06
9144,0.9999439716339111
11809,0.999901533126831
7957,0.9949081540107727
11137,2.6339851189050023e-08
1168,1.578873343532905e-05
9238,0.9996535778045654
7956,0.9984363913536072
4173,0.9997839331626892
5968,0.9973028898239136
10179,0.9998236298561096
1877,0.9912214279174805
6582,0.9308406114578247
3868,0.000514734594617039
2104,0.9999754428863525
218,5.771341307081457e-07
4354,0.9999977350234985
3489,0.012761206366121769
11044,0.9999998807907104
4164,0.0026911175809800625
5912,0.0010836698347702622
10341,1.0431709540625889e-07
7589,0.471352219581604
2292,1.6536310795345344e-05
2131,4.830311081605032e-05
1608,0.053829118609428406
2920,0.9664793610572815
6009,0.00013756280532106757
7906,0.9999247789382935
2728,1.379726768391265e-06
2264,0.9966791868209839
2938,0.9235989451408386
8114,0.9989128112792969
9481,0.999936580657959
2661,0.9948951601982117
8306,0.930573046207428
8693,0.9973137974739075
1974,1.8535953358878032e-06
2548,5.6421376939397305e-05
3683,0.471352219581604
1985,0.0013468668330460787
10418,1.3423091083097916e-08
11796,0.004791429731994867
3296,1.7729860386994275e-17
10574,0.08233713358640671
6955,0.471352219581604
9865,0.00036346929846331477
207,0.9870761036872864
5547,0.2623029053211212
2140,0.9868212342262268
1692,0.471352219581604
12403,0.9999359846115112
11987,0.9998645782470703
10164,0.9994575381278992
9337,0.471352219581604
7289,0.0017401285003870726
5725,0.00035565299913287163
5803,6.127943708023054e-10
11695,0.0001244612067239359
11754,2.901338689298427e-07
8438,1.0
6467,0.053239841014146805
7070,0.9720894694328308
9933,0.9889969825744629
11751,3.927757421471603e-15
3095,1.0
8614,0.004101878963410854
5445,0.0004173726192675531
710,0.9999732971191406
3655,0.9997653365135193
876,0.9976692795753479
8896,1.0351511718909023e-06
10555,2.7573300087624375e-08
5404,0.00033373883343301713
8777,9.077949329749924e-12
8157,0.005506013985723257
8578,0.9574401378631592
11051,0.9999110698699951
2022,0.0005255334544926882
10587,0.4729900360107422
2766,0.9987741112709045
537,1.4770035704714246e-05
12301,2.396257514192257e-05
9348,0.0017053562914952636
6207,0.823046863079071
9296,0.9988546371459961
4598,0.471352219581604
8920,0.9998983144760132
1968,0.9978649020195007
8371,5.609273046047747e-10
4175,0.9999780654907227
2345,0.9996778964996338
1727,0.9814130067825317
10670,0.9939541220664978
3365,0.9999860525131226
9040,0.9993228912353516
9823,0.9999951124191284
5939,8.762207289692014e-05
771,4.543065369944088e-05
1555,0.24715334177017212
612,0.9999703168869019
1770,0.0004284264869056642
6368,0.999997615814209
1232,0.0004896359168924391
1366,0.9999285936355591
6077,0.06436283141374588
1826,0.0004742845194414258
766,0.9999024868011475
2286,0.9975147247314453
9500,0.9999998807907104
11236,0.471352219581604
2410,0.9997139573097229
4414,9.820478589972481e-05
1116,0.997241735458374
301,0.001148106763139367
10566,0.9998985528945923
6923,0.9999966621398926
1289,0.9999521970748901
11557,9.129902878157736e-08
2777,0.9999924898147583
5341,0.9999117851257324
1778,1.4192689377523493e-05
5919,0.993164598941803
6627,0.9998770952224731
8773,9.11010715753946e-08
2523,3.842604564852081e-05
2910,0.9907440543174744
8528,0.9973415732383728
3350,0.8792306780815125
1940,0.9671539664268494
3361,0.9999904632568359
12215,0.00025424559134989977
234,0.0007678117253817618
4000,2.1986791054473542e-08
11309,0.9996305704116821
1983,0.9985578656196594
6324,0.00011777614417951554
1772,0.9998708963394165
5634,0.999997615814209
6659,0.9865756630897522
352,0.8654138445854187
8375,0.9998183846473694
5537,0.471352219581604
96,0.0022542483638972044
5830,1.65522493489334e-07
2914,0.999994158744812
7015,0.000106359068013262
8193,0.9999998807907104
11415,2.579579631856177e-05
7431,0.9994275569915771
4523,8.704025276529137e-06
6889,0.07322793453931808
1661,1.0110026238407954e-07
2288,0.0003566227969713509
12188,0.9810371398925781
1010,1.0
11954,0.9999468326568604
5971,0.9978871941566467
12392,0.9830586910247803
5640,0.000965143321081996
2002,0.9999961853027344
1429,0.9982811212539673
7112,0.9985577464103699
779,0.9988191723823547
12482,1.1929879292438272e-05
8786,0.00020197358389850706
1833,0.8246299028396606
7172,0.8142443895339966
5218,8.767287908995058e-07
1960,4.280296082015411e-07
9598,0.06962360441684723
3694,0.00013062983634881675
1879,0.049081943929195404
5276,0.9999027252197266
8470,0.9999264478683472
12322,0.7455961108207703
9831,0.471352219581604
10642,0.9817774295806885
10532,4.01292942981933e-17
3594,0.01122758723795414
3504,0.9980795383453369
8048,1.1760032975871582e-05
7878,0.9897415637969971
2311,0.9992882609367371
8016,0.9975511431694031
6835,0.909027636051178
10013,0.9938448667526245
4207,0.003053039312362671
8178,0.00026931040338240564
9760,0.9999613761901855
4313,0.9966927766799927
3578,0.9580338001251221
5834,0.0001715779071673751
762,3.5946552088717e-05
6624,8.389269351027906e-05
7127,0.9997407793998718
6822,0.9997178912162781
9959,0.9978127479553223
5131,5.925369919168588e-07
832,0.9766930937767029
10882,0.0
7359,0.9992415904998779
11778,0.9999488592147827
7128,2.6358604827692034e-06
1202,0.9650731682777405
6511,0.9994412064552307
504,0.006806319113820791
11810,0.9925919771194458
8025,0.9301952719688416
4285,9.826523950096089e-08
4530,0.0006233772728592157
4608,1.0540073844822473e-06
10800,0.0
4799,0.9994673132896423
8806,0.0016465660883113742
12361,0.9999833106994629
9151,0.996862530708313
12303,0.9996862411499023
9759,5.767082598140405e-07
7896,0.09487104415893555
5665,0.9999988079071045
12223,2.9963240422148374e-07
12186,0.9979876279830933
4351,0.9960969090461731
2017,0.00010871628182940185
10119,0.16926917433738708
6192,0.9999998807907104
88,0.9992015957832336
6875,0.8450830578804016
12191,0.9999997615814209
6707,0.9987022876739502
9574,0.471352219581604
374,1.0
8120,9.768714726021699e-10
7211,3.101435368080274e-06
2652,0.00045617326395586133
5047,0.29362067580223083
8838,0.9999128580093384
2816,5.35581978766686e-09
5933,0.9880289435386658
12281,0.9999473094940186
5697,0.9911372661590576
1320,0.9877603650093079
20,5.7833746472391034e-12
11325,0.9994710087776184
5192,0.07961954921483994
9141,0.1316186636686325
10547,0.9707673192024231
7592,0.9999666213989258
10582,0.003939819056540728
12395,0.0007092342711985111
9870,0.9624189138412476
11649,0.9999997615814209
9784,0.9998993873596191
9163,3.2514317904741574e-09
10508,0.9991776347160339
2338,8.25893835099123e-07
9563,0.9994984865188599
11950,3.195521230736631e-06
11847,0.9982019662857056
6041,0.9999990463256836
11280,0.0
11554,1.0
2762,0.471352219581604
11563,0.002207705983892083
9674,0.9997929930686951
7421,0.9997038245201111
5689,0.9987614154815674
8398,0.0013685523299500346
6473,0.8872084021568298
5944,0.9464505314826965
10107,0.9999942779541016
8460,0.9997697472572327
8208,0.9999995231628418
7909,0.965474009513855
747,0.9478170275688171
4189,0.0009468829375691712
3413,0.9991137385368347
11392,0.2786111831665039
8847,0.20611529052257538
1401,0.9999946355819702
11735,0.014472628943622112
9792,4.360643288237043e-05
2859,0.9511846899986267
8677,0.9976226687431335
2392,0.00035852272412739694
6376,1.394334412907483e-05
9362,0.974425733089447
6258,0.9988002777099609
2891,0.9991318583488464
2784,1.0652329365257174e-05
6690,0.471352219581604
4248,0.9989736080169678
9324,0.9000650644302368
9119,0.999994158744812
5535,0.471352219581604
881,0.471352219581604
6393,0.719383716583252
10943,0.9998300075531006
10880,3.641603598225629e-06
5031,0.8939403295516968
8167,0.0012536400463432074
4504,1.8487602574168704e-05
9074,1.005967533274088e-06
9756,0.08775070309638977
7994,0.0006674651522189379
11454,0.9997410178184509
962,0.0003610547282733023
9847,0.9997170567512512
10480,0.0029550804756581783
6186,0.06499368697404861
11193,0.9998530149459839
8162,0.471352219581604
8456,0.0006614187150262296
8721,0.04006523638963699
5650,0.9966797828674316
10580,1.0
9565,0.9977097511291504
9472,0.9995237588882446
1079,0.014368991367518902
12356,7.028422288613001e-08
6238,0.00035810121335089207
7620,0.9995860457420349
7769,0.9999953508377075
1663,1.0471140740264673e-05
11546,8.496489499520976e-06
9245,0.9976014494895935
3994,3.180573480369292e-13
10695,0.999968409538269
3956,0.9846581220626831
10184,0.01715477928519249
1546,0.9992619156837463
8741,0.02125702053308487
8416,0.9999607801437378
1338,3.5905458606322327e-09
7952,0.9936167001724243
5250,0.00028824564651586115
2046,0.9999947547912598
1438,4.277231369087531e-08
3273,0.9998327493667603
11788,0.471352219581604
2781,0.471352219581604
8166,9.444739407626912e-05
12237,0.9992352724075317
5060,0.9998182654380798
2285,0.991389811038971
2997,0.7103155851364136
3718,1.0
10538,0.0008908275049179792
11879,0.9999189376831055
4508,0.014822308905422688
3030,0.00016747042536735535
4875,0.9876205325126648
9212,0.9999985694885254
2868,0.9999510049819946
2201,0.21056310832500458
11122,0.0005459496169351041
5151,0.0012487734202295542
4422,0.99998939037323
11864,0.9701158404350281
6501,0.003912650514394045
7924,0.00020172222866676748
2907,0.9998015761375427
10813,5.116421107231872e-06
884,0.9999115467071533
3112,0.9158456921577454
10656,0.9999675750732422
7057,0.0002475116343703121
4525,0.0007312614470720291
6855,0.8367483615875244
12464,0.9999948740005493
7091,0.17700865864753723
9396,0.015371345914900303
10326,0.9997062087059021
4059,0.9996836185455322
1824,0.00015318975783884525
7505,0.9999394416809082
386,0.0
7087,1.5988631503205397e-06
4412,4.127853117097402e-06
2355,0.9981524348258972
2504,0.9998908042907715
1476,0.9999195337295532
11691,0.06831708550453186
4194,1.0
3687,0.9978734254837036
7445,0.9998175501823425
2822,0.9998056292533875
3348,0.00030308321584016085
3039,0.9998781681060791
4910,0.0021569107193499804
608,0.242716982960701
2679,0.9997236132621765
7784,0.471352219581604
10194,0.9999641180038452
12426,0.994940996170044
6554,0.9990220069885254
7263,0.9757324457168579
8746,0.9999319314956665
3330,0.0
5924,0.9997764229774475
10180,4.314644286296243e-08
10457,0.471352219581604
6159,0.0001313585671596229
1069,0.025149820372462273
9522,1.6498444971313475e-11
3045,0.8820070028305054
10701,0.9487016797065735
6565,5.210349627304822e-07
3619,0.9999996423721313
1814,0.999997615814209
8767,0.9999357461929321
8151,0.21700894832611084
6916,0.03186029940843582
561,0.008812541142106056
1306,0.9999998807907104
10575,0.00036520540015771985
4689,0.9998102784156799
1399,0.9995743632316589
1810,0.471352219581604
916,0.999881386756897
9251,3.590486085158773e-05
5002,0.9923845529556274
8735,0.9969608187675476
9578,0.004455632995814085
1207,0.01476194802671671
5253,0.011861718259751797
8112,0.028022605925798416
630,0.9999744892120361
285,0.0422961451113224
11721,2.489395578564313e-09
1471,0.9996088147163391
10729,1.2136829041775599e-10
4269,9.254947741510477e-08
10420,0.9631959199905396
6944,0.9999982118606567
9493,0.9998101592063904
11475,2.788279971355223e-07
5296,3.761982952710241e-05
4683,4.7260311712270936e-14
11595,0.0018745146226137877
5758,1.0
11676,0.00011847756104543805
5110,0.9960960745811462
7807,0.9999997615814209
3793,0.999991774559021
9723,0.9933227896690369
10105,0.9996901750564575
7614,0.0698794275522232
2604,0.061032816767692566
3178,0.9960758090019226
10989,7.285100582521409e-05
8572,0.9995864033699036
3852,0.003522614948451519
2637,0.0005793094169348478
5881,0.9937216639518738
358,0.9999994039535522
12102,2.169744038837962e-05
3483,1.5154053567556502e-09
5639,0.9998805522918701
94,0.9977598190307617
8234,0.471352219581604
8984,0.7480595111846924
515,0.9998451471328735
4982,0.9989060163497925
6954,0.006430478300899267
8986,0.9427584409713745
2224,0.118736632168293
8697,1.0
7476,0.8973233103752136
11413,6.03257421971648e-06
929,6.288417466748797e-07
5954,0.00010752854723250493
2420,0.9957075119018555
1390,0.9990642666816711
10553,0.471352219581604
4419,0.0030644857324659824
239,1.1982625437667593e-05
12389,6.756988000233832e-07
5729,1.2460855264295745e-11
2720,1.354365419814485e-08
12227,0.05243027210235596
8744,0.029403330758213997
4772,0.9999889135360718
505,7.516138794017024e-06
5037,0.05762677639722824
3748,0.9030856490135193
4738,0.994012176990509
57,0.9999972581863403
7932,0.9999998807907104
1534,0.00010029097757069394
12219,0.00022867121151648462
3501,3.8874314878256655e-10
11078,0.12076382339000702
6250,0.0007876081508584321
1259,1.7027845444772538e-07
9986,0.000564026297070086
1494,0.9969124794006348
6505,0.972524106502533
9076,0.008380647748708725
11792,0.999998927116394
9676,3.763513056753709e-09
7978,1.386272288073087e-07
11473,0.0523550845682621
596,0.8506922125816345
3461,8.861291007633554e-07
7905,0.00493905832991004
10613,0.9833751320838928
796,1.920803333632648e-05
7829,0.9940780401229858
4114,1.9614329715977874e-08
3066,0.00782124511897564
581,1.0
3027,1.3458770764529504e-09
5709,0.002133904956281185
9898,0.10299231857061386
3409,0.9999357461929321
4625,0.6755425930023193
4484,0.9973483085632324
5116,0.842223048210144
5740,1.0
9171,0.9995731711387634
3704,2.6652462111087516e-05
4141,0.9968051910400391
1724,0.9770708084106445
4302,0.9999972581863403
8395,0.997524082660675
1197,0.9999878406524658
4621,0.00020009931176900864
6617,0.0011784762609750032
7782,8.786789840087295e-05
5326,0.6870076060295105
4876,0.9977152347564697
1372,0.9998847246170044
68,3.166352087191626e-07
8562,0.9986432194709778
8086,0.9616937041282654
819,0.8040253520011902
3908,0.9993788003921509
2538,0.000770896440371871
1480,0.0003661152732092887
5811,0.9685699343681335
6681,0.9997196793556213
8862,0.9998288154602051
864,0.9998182654380798
8489,5.7740675401873887e-05
6214,0.9986201524734497
1647,0.9999344348907471
2411,0.005789041053503752
3993,0.0013772635720670223
11065,1.0
2778,0.9987347722053528
2957,0.9984591007232666
9104,0.00014063935668673366
2514,0.9991555213928223
11839,0.9997286200523376
8264,0.0016060852212831378
9942,0.9996743202209473
6746,0.0007830122485756874
7814,0.8592020869255066
2205,8.426193858213082e-07
4544,0.9969342947006226
1247,0.002319442108273506
145,0.271310418844223
7537,0.471352219581604
3364,0.9979749321937561
7437,2.192077630525091e-10
7546,0.9768577814102173
4090,0.9999549388885498
5424,8.092093048617244e-05
7758,0.9986777901649475
4046,8.673676887838155e-09
3734,0.9999347925186157
2500,1.4682893379358575e-05
5485,0.9999958276748657
191,0.0038823499344289303
9391,1.4803626072534826e-05
1368,0.0006202195072546601
11965,0.00014905462739989161
11789,0.999630331993103
7703,3.3946191251743585e-05
706,0.7552152276039124
4685,0.9974195957183838
547,0.9999762773513794
154,5.981718592673602e-11
11482,0.041592225432395935
7642,0.9996089339256287
9671,0.9999127388000488
7790,0.9998676776885986
3242,9.044679068204164e-12
12185,0.471352219581604
7475,0.8968724608421326
5429,6.191201828187332e-05
5452,6.344710641315032e-07
4540,1.1633378562692087e-06
3368,0.7690380215644836
6586,0.990935742855072
1130,0.9999997615814209
12164,3.159088635129592e-08
9947,0.9999775886535645
10825,0.9999934434890747
3909,0.999658465385437
945,0.9249159097671509
5169,5.404952389653772e-05
913,0.9999431371688843
11399,0.9997983574867249
995,0.999982476234436
1253,0.9999395608901978
8536,5.510275791209551e-09
3564,0.9960719347000122
1139,0.9998136162757874
5054,1.6303775396409037e-07
2390,0.0004616078222170472
2828,0.0011690536048263311
1465,0.00044757541036233306
9588,0.471352219581604
4250,5.111112113809213e-05
9491,1.2358065010773314e-14
10876,0.9999912977218628
11405,0.00731420423835516
8743,0.471352219581604
7415,0.997514009475708
6225,0.731158971786499
9994,2.1067045677392038e-11
11798,0.0014256833819672465
10227,0.16625450551509857
10005,0.0004854685685131699
10443,0.966952383518219
7093,0.9999990463256836
8441,1.0
5405,0.9999511241912842
8220,1.4222714526113123e-05
3614,0.00012552074622362852
9824,0.471352219581604
3912,0.9645511507987976
3404,0.010873493738472462
10543,0.471352219581604
6249,0.471352219581604
5126,2.028496965067461e-06
376,0.7963132262229919
3451,4.80099770356901e-05
10211,0.0012102201581001282
5742,0.8692180514335632
7165,0.999152660369873
8569,0.9998339414596558
8260,0.186542809009552
2944,1.9683566279127263e-06
11582,2.1832242680375202e-09
587,0.04921254143118858
11062,1.0
856,0.01576174609363079
1704,0.9999567270278931
7789,0.8514076471328735
4431,0.1403399109840393
9548,0.9999991655349731
9354,0.9997166991233826
8384,1.0
8769,0.9997079968452454
1056,1.0
10185,0.9641842246055603
6455,0.0007742424495518208
4703,0.9053436517715454
2049,0.0007400019094347954
9686,0.9937846660614014
5695,0.6813082098960876
11164,0.471352219581604
3957,3.9087168261175975e-05
11903,0.9998406171798706
12224,1.0913959158642683e-05
9208,0.0206849854439497
9340,0.0030380398966372013
6610,0.9999775886535645
6133,0.012752372771501541
2016,0.018380964174866676
7702,6.210438527887163e-07
12431,0.0001083954848581925
3611,9.635603426261241e-11
6966,0.00016466646047774702
8062,2.6818343030754477e-05
3710,0.9947301149368286
10998,0.9996925592422485
5439,0.9995920062065125
491,0.9975656270980835
4439,0.9999724626541138
12168,0.00012767405132763088
8774,0.471352219581604
12039,0.9878787398338318
5733,0.471352219581604
495,0.0013081157812848687
4527,0.9931782484054565
11817,5.056686624982376e-09
10895,0.9990894794464111
6379,0.9999799728393555
5820,0.9999774694442749
10512,0.471352219581604
9301,0.00040491705294698477
8363,0.00017792741709854454
12047,1.4595683524021297e-06
2763,0.8305131196975708
3135,8.510054640142872e-12
8926,0.12411592900753021
10360,0.002500062109902501
9677,0.9999116659164429
4843,0.6855236291885376
4436,0.999991774559021
7557,0.471352219581604
4649,0.8755205869674683
8404,0.0012462764279916883
8723,0.0003213183081243187
4570,0.9999915361404419
6608,0.9971318244934082
2250,1.0
10456,0.9675993323326111
2076,8.571728540118784e-05
3086,0.9976093769073486
1089,0.9985309839248657
1773,0.9999786615371704
11483,0.999262273311615
12325,1.5974791267581168e-06
3969,0.9972187280654907
10615,4.5664492063224316e-06
6704,0.9997373223304749
432,0.8036216497421265
6801,9.041320470082326e-11
1825,0.9998539686203003
10436,0.631649374961853
499,0.471352219581604
462,0.00022148669813759625
5842,0.9939863681793213
8538,0.999660849571228
4593,0.9992389678955078
5473,0.00015315323253162205
9399,3.264443565725167e-13
7367,0.9151826500892639
7685,0.0009613200090825558
1682,0.9997623562812805
10870,0.9995160102844238
4687,0.001533157774247229
8331,0.005875021684914827
6831,0.999991774559021
513,1.0
9217,0.9999356269836426
905,0.9998838901519775
4255,0.9999865293502808
6355,0.9996688365936279
11759,0.3066190481185913
1752,0.9980788230895996
590,0.9997702240943909
8554,1.02497121901024e-10
9577,0.9999854564666748
3257,9.302427201873797e-07
6143,0.004748252220451832
7879,0.9968781471252441
3233,0.471352219581604
621,2.455758703945321e-06
8610,0.9998059868812561
9854,0.9762800335884094
7582,0.841643750667572
11095,0.9350149035453796
8870,0.9986138343811035
12201,0.00012808303290512413
3943,0.9999970197677612
6024,3.184650950061041e-06
5943,0.9667840003967285
11884,1.0
4359,0.8493881225585938
11039,0.0991804301738739
3165,7.0061503265606e-08
11911,1.7815351611716324e-06
10817,0.005247215740382671
2275,0.9929695725440979
2434,0.27447614073753357
2385,0.006405208259820938
3591,0.8150754570960999
10009,0.9972639083862305
2790,0.07689833641052246
4629,0.005097636487334967
10963,0.9997305274009705
8867,0.9991059899330139
5788,7.075612302287482e-06
7725,0.002136636758223176
10328,0.0007772515527904034
11074,0.0009334752103313804
3603,0.0029888602439314127
10485,0.17061454057693481
12446,0.0002177747810492292
11317,9.212500913235999e-07
1087,0.00017994029622059315
245,0.9998863935470581
1135,5.136162872076966e-05
11381,0.0
8716,0.04087462276220322
6367,0.2672768235206604
10395,0.0025152817834168673
812,0.19519703090190887
2539,0.9685426354408264
699,2.5440189347136766e-05
4559,0.9999008178710938
2726,0.0012208801927044988
11003,0.9864581227302551
3080,0.9999603033065796
8388,0.9969236254692078
3999,0.471352219581604
12420,0.8408858180046082
942,0.03387834504246712
4333,0.9999406337738037
3440,0.471352219581604
6284,0.9998118281364441
11006,0.9999958276748657
9349,0.0020232435781508684
6425,0.00028978235786780715
1274,1.1558010555745568e-05
2187,0.012187105603516102
2128,2.3498398604715476e-07
12470,0.999250590801239
1613,3.913870616489845e-11
7144,0.997575581073761
4295,0.9589855074882507
11362,5.546109752008199e-11
11251,0.9613226056098938
7193,0.19812582433223724
3383,0.9263388514518738
8042,0.9930118918418884
10273,2.936049895652104e-05
11702,8.919631909520831e-06
7241,0.0
8393,0.003526069689542055
9277,1.0
9800,0.0020907223224639893
8288,0.9999901056289673
5816,0.00031846557976678014
7148,0.9999473094940186
5420,0.0010594851337373257
2834,0.9907942414283752
10810,0.001960369059816003
426,0.000719512056093663
2358,0.999984622001648
5099,0.004476545844227076
11395,0.05778925120830536
11600,0.471352219581604
4590,0.9999980926513672
7371,0.86989426612854
123,0.9222558736801147
281,0.994724690914154
2359,0.9997538924217224
436,0.471352219581604
11347,0.9988918900489807
7173,0.0002034646167885512
1019,0.9999387264251709
9299,0.9976957440376282
5272,0.00018931464001070708
10823,0.0034592358861118555
5792,0.03221181780099869
6527,0.9999996423721313
102,0.9982359409332275
11257,0.9980776309967041
10501,0.9983124732971191
8819,0.036138348281383514
7494,0.9999685287475586
12290,0.9997441172599792
10244,0.9999837875366211
12126,0.9999998807907104
7730,0.001389817800372839
413,0.9999991655349731
4585,0.00035474446485750377
11811,0.0006450216169469059
3420,0.999733030796051
8514,0.0007582487305626273
3806,0.9975792765617371
3259,7.29305247659795e-05
8287,0.00887779425829649
7826,0.9999939203262329
1779,3.92909396396135e-06
2738,0.9999933242797852
2429,0.8674129843711853
1755,0.9984717965126038
8842,0.9999996423721313
316,0.8074375987052917
5381,0.9997629523277283
5905,0.9970309734344482
5269,3.944413684564552e-09
843,0.006739968899637461
10453,0.03234349563717842
10238,0.9999879598617554
1245,0.9999914169311523
1764,0.9989941716194153
7510,0.9983718991279602
9712,0.13686953485012054
5508,0.9961452484130859
9829,0.9999996423721313
12167,1.0
7355,2.7249333345302773e-10
5066,0.9954124093055725
6173,0.9998263716697693
1430,0.9999895095825195
2870,0.00036865094443783164
9684,0.9999991655349731
7321,0.9982765913009644
957,0.9965086579322815
9878,0.7746814489364624
9901,0.0007578799268230796
11242,0.9999586343765259
5459,0.9991980195045471
9781,0.9999967813491821
1763,3.727091825567186e-05
1205,0.99892657995224
10671,0.471352219581604
10158,0.003169399918988347
2428,0.005029323045164347
8418,0.001218023244291544
5772,1.0
3899,0.9996200799942017
3089,0.9999719858169556
9945,2.0763971406267956e-05
11542,5.86461610510014e-05
7824,0.00017628766363486648
3774,0.9999593496322632
5548,0.9999845027923584
1986,0.9991732239723206
11063,0.07767628133296967
7331,0.980571985244751
9981,0.9998418092727661
10736,0.984680712223053
12074,0.6850986480712891
964,9.865208994597197e-06
2440,0.007378785405308008
12083,0.0012355042854323983
788,0.000162379743414931
728,0.00010772301175165921
6680,8.912994962884113e-05
2208,0.0004628692986443639
4372,1.3384341400524136e-05
2034,0.01243907492607832
10742,0.9999574422836304
2433,4.410161409396096e-07
2560,0.9999521970748901
11103,3.5556627087096615e-11
5283,0.0
7133,0.9982051849365234
4258,0.9999996423721313
267,3.6426150472834706e-05
8040,1.3356671843212098e-05
1337,0.002259255154058337
4899,0.0005707790260203183
6025,0.9991101622581482
2655,0.9986942410469055
8092,0.9938684105873108
10982,0.9931140542030334
3144,4.1681836648876924e-08
3519,0.0004911485593765974
4885,0.0015487050404772162
8577,0.0018068657955154777
7856,0.9997989535331726
8139,0.9999998807907104
10320,0.9981305003166199
9537,0.9999991655349731
3916,0.01714297942817211
9545,4.451240602065809e-05
1994,0.471352219581604
6314,5.296924427966587e-07
8700,0.9972479939460754
9990,0.9989663362503052
7813,0.9989240765571594
11679,0.0007873504073359072
7761,3.262215250288136e-05
10135,0.999702513217926
5302,0.020663341507315636
3607,0.05521359667181969
9515,0.9999997615814209
8932,7.508542330469936e-05
11096,0.471352219581604
10778,0.0007136990316212177
901,0.9044783711433411
4305,0.007406475953757763
8225,3.758035234113777e-07
4787,0.9921923279762268
3276,0.06970006972551346
4449,2.3517707177234115e-06
2506,0.9999960660934448
10477,0.00017122342251241207
6601,0.0015477880369871855
206,7.862139455028228e-07
467,0.21910035610198975
3553,0.9283853769302368
9359,0.004673332907259464
1806,0.008598373271524906
6984,0.9999992847442627
5840,0.0005154238897375762
5411,0.9994489550590515
7976,1.6708497696527047e-06
9494,0.0012949320953339338
1155,0.9999624490737915
8875,2.977144086813155e-09
5522,0.992316722869873
6832,0.9999841451644897
7361,0.999974250793457
11284,0.471352219581604
6078,0.9998775720596313
7156,0.03346393629908562
7397,0.020997973158955574
4131,0.9998550415039062
2588,0.0007608453743159771
11135,9.803956345422193e-05
8387,2.482051968399901e-05
6938,0.9877247214317322
10893,9.547215995553415e-07
10327,0.9996780157089233
9987,0.9898281097412109
7120,0.471352219581604
393,0.9867345094680786
5059,0.003914853557944298
1653,0.9161908030509949
9558,0.0011530042393133044
3679,0.02557164616882801
5953,8.287256747507854e-08
9343,0.9978125095367432
568,0.013579664751887321
3015,0.9997041821479797
4842,2.041303126532057e-08
9395,0.007458980195224285
5574,0.9955158829689026
6039,0.0001142860492109321
10692,0.9975951313972473
3070,0.7157657742500305
5105,0.00045522436266765
1686,0.9909417033195496
11420,0.9976305961608887
3934,0.003946441225707531
7155,0.0026421905495226383
3840,1.956559581017814e-09
9046,0.0009913216345012188
11724,0.9471370577812195
12072,0.00017669460794422776
8457,0.9991081357002258
10609,0.0024101450107991695
7714,0.9275147914886475
7209,0.9999963045120239
1592,3.935833774448838e-07
12117,0.9999963045120239
3166,0.9999911785125732
9954,0.999998927116394
8391,0.0037131791468709707
5699,1.432755958319376e-08
363,0.9999982118606567
4659,0.7515915036201477
548,0.471352219581604
8324,0.9777160286903381
7811,0.004408911801874638
10160,6.102452516643098e-07
3895,0.002701403573155403
8963,0.29239118099212646
5412,0.006508887279778719
8130,0.02761136181652546
1625,0.690057635307312
2160,0.999455988407135
3579,0.9999860525131226
971,0.999957799911499
8582,5.983595841030365e-09
12330,0.7052715420722961
7786,0.471352219581604
821,0.9998644590377808
7072,0.9880507588386536
6794,0.9991955161094666
7440,0.00037624689866788685
458,5.744554982811678e-07
2192,0.9987527132034302
7508,4.700515091826674e-06
10280,0.25982752442359924
6806,0.9999964237213135
11794,0.00012043309106957167
9765,0.9990164041519165
12387,9.784757821762469e-07
3961,0.9775331616401672
10681,1.4137441217698665e-10
9005,0.0013948279665783048
5078,0.9763508439064026
7704,0.999251663684845
3425,0.9999837875366211
4996,0.0004307122144382447
10832,0.471352219581604
4923,0.00023590111231897026
6422,0.6645869612693787
7116,0.0005988171324133873
10174,0.000504413852468133
5073,0.9995755553245544
896,0.23115919530391693
3282,0.0
6018,0.7597997188568115
11915,0.9999841451644897
12123,0.0006971033290028572
9102,0.9444609880447388
4792,0.9999359846115112
4150,0.8341754674911499
11925,0.00017817222396843135
2930,6.105722150095971e-06
11456,0.0008522048010490835
8451,0.7669827938079834
11899,0.04080174118280411
2444,0.999993085861206
213,0.471352219581604
1299,5.935924036748474e-07
4339,0.003066342556849122
11537,0.9999727010726929
12467,0.471352219581604
8665,0.8821401596069336
7260,4.5547521310140837e-10
12239,0.029055902734398842
1101,0.9991135001182556
10025,0.99993896484375
6657,0.0021600741893053055
2605,0.9983850717544556
11822,0.471352219581604
2526,0.471352219581604
2379,0.002757224952802062
7375,0.9999657869338989
12436,0.9957114458084106
9274,1.1854710464831442e-05
6075,0.7808455228805542
4656,0.9965541362762451
4721,0.021485120058059692
7078,0.0033401052933186293
11536,1.0
3755,0.471352219581604
9415,0.9987106323242188
9943,0.9999645948410034
2069,0.9885365962982178
6649,0.71941739320755
1391,0.9995614886283875
6803,0.471352219581604
5791,0.471352219581604
6912,0.9999998807907104
2303,0.0003270139277447015
8931,0.471352219581604
11079,0.9994876384735107
6711,1.530621557321865e-05
7275,0.0032622027210891247
698,2.5528654190587474e-10
182,0.9999988079071045
3514,0.0035584555007517338
5300,0.9999603033065796
6456,0.05916718766093254
2185,0.9992916584014893
4991,5.552444054046646e-05
554,0.0673668161034584
10176,0.9995664954185486
8278,0.9346300959587097
8250,0.9713788032531738
12267,2.9274692678882275e-06
679,0.9892483949661255
5277,9.412412516063284e-11
11437,0.9973821043968201
10927,0.1093418300151825
9,6.073920388871556e-08
11148,0.7550797462463379
6371,0.03574502095580101
5911,0.9999830722808838
4426,0.9992062449455261
11852,0.9999978542327881
6035,3.4411925298627466e-05
11654,0.9989941716194153
1504,0.999977707862854
12379,1.0
7520,0.9599431157112122
3758,0.939254105091095
7299,0.9831383228302002
6971,0.0011102722492069006
1803,0.0005194430123083293
9779,0.99992835521698
9719,0.9898384809494019
6709,0.9973188042640686
4904,0.2794126272201538
6352,5.1756300634142605e-11
2426,0.9972270131111145
21,0.9996656179428101
12438,0.9999980926513672
5693,0.9999933242797852
4088,0.00032879982609301805
10085,0.9987218976020813
11276,0.0017265698406845331
4740,0.9616900682449341
10354,0.9958594441413879
6952,0.9990197420120239
9950,4.7026575342168364e-12
1924,0.999971866607666
10239,0.471352219581604
1895,0.9919676184654236
9099,0.9983952641487122
639,9.362056880490854e-05
9100,0.471352219581604
10209,0.981665313243866
2107,0.0022161167580634356
8973,0.9912585616111755
4575,0.0006836827378720045
6706,0.997878909111023
9864,0.0004267963522579521
11489,1.3252618403722383e-12
1501,0.9958792924880981
10090,4.19869102188386e-05
10117,0.00020273105474188924
11346,0.9808158278465271
11850,0.9997604489326477
9407,0.9944183826446533
4940,0.9981903433799744
6359,0.006551704835146666
4229,0.030909743160009384
2222,0.9999954700469971
4581,0.009159967303276062
3054,0.9966224431991577
11162,2.291399687237572e-05
10676,0.2500994801521301
8709,1.2280454029678367e-05
619,0.0005927110905759037
8791,0.9980800151824951
7562,0.978232741355896
9202,0.9999994039535522
11258,1.0
6976,0.9986283779144287
4216,0.9772302508354187
2716,0.471352219581604
7425,0.27447614073753357
7536,0.9999754428863525
8839,0.0010640328982844949
34,0.0009665392572060227
230,1.8620964965521125e-06
2624,0.999990701675415
5318,0.9986253976821899
2277,0.00025528593687340617
2193,0.9990242719650269
3391,0.9990115165710449
9188,0.9999972581863403
8688,8.165061444742605e-06
11494,3.393017067310211e-08
3697,0.9999983310699463
5453,4.4091535977841545e-11
2353,3.3909014263144854e-08
3689,0.050298161804676056
8179,0.9005217552185059
2027,0.08899228274822235
7181,0.9981958270072937
10104,0.9999998807907104
11712,0.9999983310699463
912,0.9997267127037048
3228,0.9978298544883728
8731,0.0035404572263360023
4804,0.8632555603981018
8570,0.0023628666531294584
5464,0.9999983310699463
2508,3.245063635404222e-05
5327,1.0
8182,0.9999278783798218
208,0.9935604333877563
9196,5.160366708878428e-05
12265,0.6916872262954712
3538,0.977833092212677
11631,0.471352219581604
8865,0.9855332970619202
3208,3.030253026281571e-08
4958,0.9888501763343811
850,0.0006978571764193475
342,0.0011760802008211613
9586,0.0011246695648878813
1650,0.02228880487382412
8928,9.813852557272185e-06
10252,0.0001758694415912032
9263,0.9985357522964478
9250,1.3024344298173673e-05
2751,0.9976917505264282
1687,0.9947716593742371
12103,6.346974856796805e-08
8168,0.471352219581604
8985,0.471352219581604
6054,7.173053018050268e-05
773,0.001274028792977333
255,0.7218037843704224
3280,0.7238742709159851
2948,0.9987131357192993
1715,0.999991774559021
8927,0.9541516304016113
12209,6.297329235849247e-08
11876,0.0
3342,0.00021727036801166832
4751,4.634018296201248e-06
12284,0.9999750852584839
7841,0.9928921461105347
6827,0.9852559566497803
1379,1.2816467886977989e-08
4510,0.471352219581604
10422,0.9972653388977051
11167,0.0018310585292056203
11330,1.1678759619826451e-05
6751,0.9999842643737793
11686,9.63980752999305e-08
9345,0.9979901313781738
10115,0.0005424253176897764
5067,0.9999330043792725
10088,1.3348825689263322e-07
2833,0.9999619722366333
10762,1.1899590202091304e-09
7797,0.9999932050704956
2347,0.9999198913574219
3140,0.471352219581604
6331,0.9075808525085449
11683,0.9999997615814209
8359,4.308287770982133e-08
6187,0.9999990463256836
5637,0.0010224072029814124
9256,5.601297758950352e-10
9030,0.9983538389205933
6243,2.23768597606977e-06
5717,0.000768704223446548
2221,0.9996516704559326
4759,0.03249405696988106
6820,0.15984481573104858
6894,6.110010986049019e-08
8907,0.471352219581604
5973,0.9999994039535522
8138,1.4299993381428067e-05
11957,0.9999979734420776
10484,0.9999092817306519
7290,1.4243832424654101e-07
10809,7.886449826521869e-10
5258,0.9963662624359131
244,0.9999959468841553
472,0.008059479296207428
11037,0.9999994039535522
9679,0.0022726065944880247
2812,7.144605206121923e-06
8239,0.004612084478139877
11771,6.979500540182926e-06
11231,0.997190535068512
6951,0.0065711247734725475
6635,0.9997910857200623
8893,0.0004081269435118884
2727,0.9998364448547363
994,0.004359417129307985
10086,1.0
7621,3.7409296055557206e-05
4813,1.501784474555734e-08
7490,1.0
6797,1.0
11186,0.9903402924537659
4565,2.4450837188272345e-11
188,1.5775977146859077e-07
3398,0.00021648376423399895
9715,0.03833450376987457
9825,0.00017078399832826108
10352,0.997897744178772
4971,0.9969727993011475
4241,0.9996989965438843
10074,2.511537391903726e-14
6922,0.0026799505576491356
17,0.9996998310089111
9612,0.9983041286468506
3275,0.9232773184776306
10966,0.9967888593673706
6152,0.26994311809539795
2541,0.9917598366737366
8496,0.9988693594932556
4112,0.0017611293587833643
6358,3.113129423581995e-05
12472,0.9298965334892273
2625,8.559996445001161e-07
5852,0.8690252900123596
4429,0.9999854564666748
3258,2.2750775769964093e-06
8840,0.9274908304214478
5380,0.9999996423721313
6996,1.3608011939503228e-10
8030,1.998723928409163e-05
294,0.9999105930328369
1696,0.9999819993972778
11384,0.9940967559814453
9370,0.0005727179814130068
5904,0.005026813130825758
12374,1.9439620757566445e-07
3371,0.00038588367169722915
1382,0.9998262524604797
12007,0.9961140155792236
2945,0.9996192455291748
1593,2.040855906670913e-05
4101,0.0002546276373323053
10163,0.9990856647491455
7166,0.9999988079071045
7720,0.9973917007446289
4774,0.9812078475952148
10518,0.9987096786499023
59,0.9999998807907104
5035,0.9999797344207764
5645,0.0012379309628158808
6034,0.00031918653985485435
5836,1.0
2445,0.9222190976142883
4005,0.0004920238279737532
1767,0.9949131011962891
11081,0.9999957084655762
9851,0.9996155500411987
10302,0.922992467880249
2394,2.0195001226852582e-08
4346,0.6756473779678345
8540,0.9999724626541138
7481,0.0003491081006359309
12278,8.575865649618208e-05
11981,1.940982663484192e-08
10004,0.9974416494369507
3480,0.9894120097160339
1567,9.603413673175965e-07
9995,0.9969006776809692
7205,0.005181733053177595
3075,0.9999626874923706
3078,0.9984418749809265
3457,0.471352219581604
1326,0.9888274669647217
7588,5.555081315833377e-06
8922,0.7798854112625122
7889,0.0003446439513936639
11126,0.9963319897651672
2083,0.9994094371795654
2725,2.2924104281507596e-10
9406,8.411305316258222e-06
4034,0.9999516010284424
10027,1.0
775,0.471352219581604
5466,0.005452705547213554
2782,0.9999831914901733
4159,0.1719592958688736
5564,5.472333214129321e-05
10265,0.13936454057693481
12347,0.002106620231643319
8031,0.23641151189804077
5859,0.0005494001670740545
1031,0.9125564098358154
8911,0.0008800064097158611
9627,2.189632823501597e-06
7346,0.9999865293502808
8430,0.9986741542816162
10093,0.9978594183921814
6705,3.9518528183180024e-07
3163,1.340826728075603e-13
4952,0.9667855501174927
678,5.704102932213573e-07
7665,0.037824999541044235
10380,0.9959691762924194
11139,0.9896418452262878
1023,1.2055426168444683e-07
127,0.9999178647994995
10462,0.0009210360585711896
1488,2.3279249944607727e-05
12304,0.999891996383667
6805,0.0006664393004029989
8067,0.9999288320541382
3277,0.9583557844161987
3532,0.8472573757171631
7239,1.2289207195273488e-12
10043,0.471352219581604
6798,0.05146211013197899
2876,0.7104409337043762
939,0.9942459464073181
3088,0.0
5172,0.932100772857666
11194,0.9963575005531311
11665,0.9998307228088379
3765,0.9999955892562866
8468,1.2466573025449179e-05
6588,0.980375349521637
4029,8.856063971052208e-08
8630,0.7083234786987305
1466,0.9902555346488953
10956,3.1009927624836564e-05
1667,0.9997294545173645
7948,1.5575829820591025e-05
892,0.8036938905715942
11539,0.9999722242355347
2933,0.13123299181461334
7224,1.1125918382889369e-17
2386,0.9962509274482727
7676,0.9722511172294617
7808,5.388330840544464e-13
8533,6.553877756232396e-05
9919,0.0009692798485048115
7566,0.0013882826315239072
2712,0.9796341061592102
11159,0.9999921321868896
1102,0.00014950188051443547
11803,1.390539273415925e-05
2025,0.001461853040382266
10843,0.471352219581604
2711,0.9972270131111145
6321,0.9991762042045593
2106,2.1638566977344453e-05
9706,0.9988515377044678
7226,0.9999799728393555
3068,0.471352219581604
3526,0.9982094764709473
8790,0.00025512243155390024
7831,0.0044973851181566715
6638,5.94822111565918e-08
8800,0.99998939037323
2952,0.9999650716781616
10759,0.9994321465492249
5515,0.9962326884269714
8938,1.0
1378,0.471352219581604
4671,0.7589966654777527
1605,0.9504740238189697
2348,0.00019538032938726246
5408,0.0001997165527427569
5598,0.000475632754387334
4353,0.471352219581604
5779,0.9985010623931885
10541,0.9809869527816772
1939,0.9527658820152283
5373,0.003948426805436611
7215,0.00013684113218914717
115,0.9729054570198059
11926,0.9961428046226501
9745,0.8752528429031372
3049,0.0006904914625920355
2294,0.00025649997405707836
2274,0.0006591813289560378
4698,0.471352219581604
8038,2.1141419585320203e-16
5000,0.9987649917602539
10545,1.4378698232064835e-08
10696,0.9969630837440491
148,0.9996814727783203
8303,0.003225101390853524
9576,0.9999339580535889
4180,1.0
4007,0.07759086042642593
9984,0.00012129446258768439
3791,0.6805065274238586
12109,0.0001604047283763066
7434,0.999870777130127
5518,0.0030026405584067106
2979,0.9827576279640198
10560,0.675728440284729
5384,0.471352219581604
2964,0.9999974966049194
1665,8.202852768590674e-05
1367,0.9998475313186646
2670,7.802870641171467e-06
2103,3.036361886188388e-05
4284,0.9940863847732544
10704,5.9703914303099737e-05
4309,0.0003984431969001889
10886,3.4902802870107053e-09
6089,0.9999544620513916
6313,0.9999924898147583
9390,0.0002551730431150645
1781,0.9999749660491943
4065,0.000244546914473176
3563,0.9977439641952515
9953,0.0002534877567086369
4762,5.756024454815767e-13
9180,0.0001813122653402388
8650,1.8400917653058423e-34
9750,0.0007989731384441257
1291,1.424023281515474e-07
11102,0.012071856297552586
9817,0.7262908220291138
1285,2.5722659557914085e-09
2545,3.5819466575048864e-05
9207,0.9999583959579468
5097,4.487505520955892e-06
9575,0.0033460170961916447
4697,0.0005492681520991027
5413,0.9999921321868896
4323,0.471352219581604
7828,0.9999377727508545
11184,6.12349640505272e-06
1193,2.3463690013159066e-07
8320,0.11743874847888947
2119,0.9992566704750061
7907,0.9254187345504761
9471,0.00028632619068957865
8852,1.816404164856067e-06
1580,0.9999477863311768
2783,0.00034614632022567093
10808,0.0001687344629317522
1080,0.471352219581604
7710,0.0005936470115557313
6390,0.9766894578933716
1147,0.9999998807907104
7088,0.7303059697151184
4142,0.9999903440475464
409,0.0
10996,0.9999881982803345
10649,0.5287967324256897
10414,0.9999969005584717
4979,0.7192073464393616
551,0.0006064220797270536
8082,1.0
7596,0.9999606609344482
4018,0.9979085922241211
1948,1.0
9388,0.471352219581604
9192,2.7451649842191728e-09
9957,0.471352219581604
8689,5.6251494243042544e-05
3871,0.7309702634811401
11127,5.18449905939633e-06
2555,1.0
11012,0.9999614953994751
12354,0.9971400499343872
9915,1.8988348529092036e-05
815,0.471352219581604
8627,0.2928788661956787
2698,0.001100755063816905
7094,6.656779294456072e-11
11717,0.005010080058127642
11182,0.9999985694885254
1107,0.24364352226257324
2289,8.897509360394906e-07
3174,0.8765493631362915
4539,0.7624300122261047
2855,0.956089973449707
510,0.011012734845280647
9780,7.90223702445969e-12
7317,0.0005258213495835662
4803,0.7986555099487305
9693,1.2953453421005179e-08
4421,0.9948988556861877
10113,0.9391525387763977
8968,0.9999955892562866
8618,0.0013048973632976413
7468,0.9995297193527222
2507,0.999579131603241
11465,0.9335314631462097
9064,0.9999935626983643
11370,0.9894892573356628
12437,1.0639059837558307e-05
7111,0.9992777705192566
9743,0.471352219581604
8934,0.9977287650108337
5114,0.9649329781532288
12121,0.9431383013725281
10394,0.001933327759616077
3185,0.9978905320167542
5744,0.003419059095904231
6166,2.3567221433040686e-05
10916,0.9931776523590088
3138,0.8635640740394592
12248,0.9998887777328491
8841,4.41134079665062e-06
1358,0.09608537703752518
7237,0.9999985694885254
10226,9.13308667804813e-06
3707,0.99983811378479
6556,0.0007485613459721208
3220,1.8134377910428157e-07
12345,6.855885317236243e-07
3101,0.9999969005584717
10871,1.8856296080116408e-08
11332,0.9999995231628418
7549,0.0007168414304032922
11574,5.75646730283097e-08
3565,6.500676136056427e-06
565,0.9215394854545593
3897,0.013075854629278183
6280,0.471352219581604
12450,0.0004910045536234975
7118,0.7069620490074158
11966,5.893050456506899e-06
2056,0.9999765157699585
8972,0.017618827521800995
7234,0.005106882657855749
7692,7.322911187657155e-06
5893,0.00036293413722887635
5036,0.9991330504417419
3953,2.4301312698260524e-11
1574,0.999777615070343
11878,0.9967755675315857
8037,0.04070626571774483
514,0.8383359909057617
906,3.895357804140076e-05
12391,0.9998645782470703
10887,4.3059358176833484e-06
8083,0.9999649524688721
12346,3.449390351306647e-05
681,0.9964544773101807
5815,0.9622305035591125
4706,0.471352219581604
986,4.8830112064024433e-05
9249,0.9979254007339478
3318,0.000185190059710294
6213,0.471352219581604
5044,1.445412234346577e-08
11291,6.705110536131542e-06
7643,0.471352219581604
8580,3.650774127450518e-11
11924,0.0002217254659626633
10679,9.582496204529889e-06
4643,0.9981759786605835
4161,0.9999994039535522
1000,0.9913251399993896
6611,0.9997391104698181
6899,0.9799318909645081
8559,0.9999992847442627
7456,7.306528277695179e-05
7835,0.9999790191650391
7452,1.80372462637024e-05
3700,4.2222563934046775e-05
5,8.556960437999805e-07
122,4.893290661556193e-09
4955,1.0
5936,0.9997901320457458
3889,0.9771292805671692
5578,0.9999996423721313
11421,1.9918836187571287e-05
1250,0.7414603233337402
4260,0.9989296793937683
2399,7.709386412948788e-15
9439,0.9515084624290466
9378,0.9999978542327881
2677,0.01011697482317686
10758,0.7415702939033508
7991,1.5767479055739386e-07
3921,1.0
3733,0.0009547116933390498
11795,0.9999964237213135
5136,0.0011993501102551818
8238,0.9999326467514038
11956,0.7596707344055176
12443,0.9976089000701904
2895,0.9998990297317505
12041,0.002704643877223134
8916,0.997334361076355
9411,0.7992478609085083
11767,0.9999752044677734
9924,6.489403403975302e-06
9806,0.9975791573524475
11505,0.471352219581604
8636,0.8388797640800476
3374,0.000678322627209127
5910,0.976552426815033
7005,0.0009745734860189259
7503,0.0037925022188574076
46,0.9997879862785339
7601,0.999262273311615
583,2.915497361755115e-06
1352,0.00036791260936297476
2376,0.9999998807907104
6279,0.0
2468,0.471352219581604
2900,0.9999712705612183
5079,4.8663107321544885e-08
10590,5.702499028537034e-10
3091,6.796697107347427e-06
10375,0.2510049343109131
2287,8.284519736889706e-09
2211,0.9999980926513672
914,0.9921595454216003
11832,0.9938544034957886
1050,0.00382043095305562
2223,0.9979326725006104
8339,0.999855637550354
6429,0.9999864101409912
2965,0.9987577199935913
8970,0.9946393370628357
8515,0.00013717336696572602
6345,0.9969645142555237
4896,0.16910454630851746
6925,0.0001042640142259188
3666,7.776594472541642e-12
3712,0.0035935614723712206
7373,0.9131057858467102
1442,0.014068798162043095
9057,7.595403417326452e-09
6747,0.0005639577866531909
10588,0.9902358651161194
8291,0.9971349239349365
5275,0.0025564460083842278
9689,0.471352219581604
6076,9.696041161078028e-06
3613,0.9993634819984436
9247,0.9619532823562622
8857,0.9996746778488159
10852,7.434060478317406e-09
3786,0.00018047400226350874
5101,0.9999326467514038
10062,0.00893075205385685
8099,5.840024186909432e-06
6961,6.975475752568627e-10
43,0.9978048205375671
10892,0.9999794960021973
9228,3.0942837270231394e-07
11265,1.1249803577584316e-07
4821,0.9736139178276062
10608,0.9999046325683594
1730,0.9982920289039612
8877,0.9989011287689209
10361,0.00011075450311182067
9363,0.9927870631217957
5314,0.9984148740768433
4160,0.0
4695,0.000298000784823671
8961,0.9999797344207764
1969,0.9995554089546204
8160,0.9999568462371826
6484,0.471352219581604
6825,0.471352219581604
7511,0.7523162364959717
10486,0.0014356763567775488
3910,0.9999998807907104
9326,0.9990307092666626
10698,0.009521064348518848
1131,0.08317392319440842
6819,0.9998804330825806
6781,8.731827705332762e-08
10722,0.0017191569786518812
7884,0.981884241104126
8213,8.011558747966774e-06
2089,8.752352732699364e-05
7674,0.9999200105667114
9433,0.9999997615814209
11171,0.0019424573983997107
1003,5.204353328736033e-06
9199,0.9999997615814209
9383,0.0005197995924390852
4425,0.291485071182251
8104,0.998945415019989
9280,0.9782439470291138
11116,0.15238119661808014
8761,0.9999285936355591
10921,2.124914863088634e-05
8396,0.9999955892562866
3427,0.471352219581604
12497,7.399063139956752e-09
2956,0.9997372031211853
8586,0.9946730732917786
2240,0.9999891519546509
622,3.4056517606018133e-09
1977,0.95133376121521
10620,0.0009219016646966338
7502,0.999868631362915
5661,7.460525921487715e-07
1051,0.9997977614402771
6896,0.471352219581604
9302,0.9999792575836182
6440,1.0839214155566879e-05
4822,0.00038406613748520613
1518,9.514787961961702e-05
3106,0.999790608882904
6,0.9296315312385559
8049,0.9999216794967651
4293,0.0006873043603263795
2537,0.9999973773956299
9384,0.000631938164588064
1776,1.0
5187,0.9999996423721313
8161,5.579455682891421e-05
97,0.9978355765342712
453,1.0
4368,0.9930029511451721
8491,0.01680944487452507
4628,0.9999992847442627
7928,0.9999997615814209
7757,0.471352219581604
2962,2.9610415367642418e-05
4591,1.5073101100604447e-10
6503,0.999998927116394
3292,0.9995918869972229
5029,1.642771348997485e-05
9243,0.699346125125885
11004,1.562374585262205e-08
4400,0.999942421913147
8077,0.9626733064651489
3507,0.9999289512634277
8645,0.03804175183176994
5757,1.1579297733987914e-06
4562,0.999980092048645
9261,0.9941482543945312
5388,0.9977147579193115
3851,0.049189161509275436
6377,0.9970542192459106
9369,0.471352219581604
910,7.113818423221119e-09
427,0.6752887964248657
6445,0.01955285482108593
3226,0.999870777130127
4732,0.9989842772483826
7081,0.9997701048851013
7248,1.0
2268,7.153541647930695e-11
6086,0.9999916553497314
5479,0.9999129772186279
11608,1.5267085473169573e-05
5916,0.9999963045120239
6381,0.0024643687065690756
1597,0.0006758859963156283
5979,0.471352219581604
10166,0.9998218417167664
12129,3.5891787319997093e-07
7538,0.999799907207489
388,0.002434671390801668
1345,0.471352219581604
7871,0.00017208352801389992
7381,0.471352219581604
10629,0.9999027252197266
8293,0.0026577117387205362
4329,0.471352219581604
6216,3.561679759716413e-13
1278,4.368810186861083e-05
8724,1.1984551129273768e-09
10317,0.9939144253730774
3650,0.471352219581604
6230,0.9999997615814209
1045,0.996988832950592
2232,0.9999992847442627
1047,0.0054046898148953915
9020,7.095631008269265e-05
12457,0.03238396719098091
9988,0.9923958778381348
6121,0.9999687671661377
6530,0.471352219581604
3286,2.625694378366461e-06
6590,0.9999818801879883
8703,0.9978030323982239
488,0.8053117394447327
3114,0.9999891519546509
3487,0.9999532699584961
9739,0.00030481896828860044
9376,0.9769712090492249
10393,0.0
343,0.9986720085144043
909,0.471352219581604
3569,0.9985153079032898
9436,0.471352219581604
7353,0.02244299277663231
10504,0.00011867134890053421
12477,0.9999995231628418
5489,0.471352219581604
1843,0.471352219581604
10807,6.831929688644323e-09
8351,4.6866930460964795e-06
3436,0.0027575751300901175
4012,0.0
11594,0.0004904790548607707
12291,0.9996629953384399
11647,0.08261533081531525
5071,0.9999067783355713
6195,0.00348017830401659
11525,0.9974831938743591
7857,7.630559935023484e-07
4009,9.507180038781371e-06
12162,0.6792464256286621
5375,0.9985142350196838
8444,0.999963641166687
768,0.9998555183410645
8812,0.004073800519108772
7007,0.9457247853279114
7487,0.9946393370628357
8757,0.0012135975994169712
5157,0.9997197985649109
11056,5.558563498198055e-05
4624,0.00020503075211308897
12173,0.18839196860790253
6112,0.03449863940477371
7912,0.9997069239616394
3490,0.999980092048645
1398,0.471352219581604
5454,0.12639884650707245
7580,0.9454554915428162
4917,0.9917346239089966
9417,0.9999972581863403
10403,0.9819756150245667
6986,0.9999868869781494
1339,0.04000135138630867
10607,0.7422387599945068
11495,1.965111914614681e-05
11045,0.003179890336468816
10527,0.00014807010302320123
6174,0.7378851771354675
333,0.9998183846473694
5182,4.357991301162656e-08
7403,0.9864999055862427
5129,0.0002331703290110454
2003,1.8241240695715533e-06
6256,1.6001526091713458e-05
3534,1.5879189732004306e-06
846,0.9999991655349731
4290,0.9999978542327881
2950,0.9986149072647095
3372,0.999157190322876
3849,0.9999809265136719
2079,0.0010546824196353555
6595,1.5659149994462496e-06
4491,0.9999998807907104
8565,0.9984354376792908
3146,5.387439827586604e-08
6850,0.9999998807907104
6772,0.9990262985229492
49,0.9998828172683716
5324,0.9978823065757751
5550,1.6500349886428012e-07
3426,0.7610381841659546
7033,1.9771461666096002e-05
7998,0.9970045685768127
6122,0.8427908420562744
10283,0.016781510785222054
9546,0.9978516101837158
3224,0.995451033115387
5386,2.7465983293950558e-05
11588,4.1039768916562025e-08
7000,0.9999991655349731
5096,0.999944806098938
7919,0.030901502817869186
1543,0.7529782652854919
6222,0.998156726360321
11371,0.9995039701461792
11212,0.9996988773345947
6036,0.760895848274231
8240,0.9999284744262695
7971,5.910200329140025e-08
370,0.0033492324873805046
2909,5.689277713827323e-06
3458,0.471352219581604
9373,0.14469487965106964
5922,0.9999997615814209
1180,0.9999860525131226
3795,0.9974216222763062
4037,0.0062438626773655415
5267,2.9749327950412408e-05
4443,0.471352219581604
7174,0.471352219581604
9783,0.9999027252197266
7366,2.6833711217477685e-06
3572,0.9812575578689575
6157,0.9999997615814209
10849,2.469287494477612e-07
9633,0.0009515618439763784
6412,2.3374104785034433e-05
5582,0.847155749797821
6720,0.9959677457809448
1091,0.00022251032351050526
86,0.23661677539348602
5167,0.0019881906919181347
1396,6.184927769936621e-05
7910,0.007702751085162163
2451,0.9997770190238953
326,0.9993446469306946
7731,0.00025122944498434663
4869,1.5144769525922072e-14
1554,0.999966025352478
7143,0.471352219581604
4145,0.01724887825548649
9729,0.9877011179924011
10275,0.471352219581604
5476,1.923393142533314e-07
3105,0.9949488639831543
9293,0.00010643526184139773
3173,0.0014443142572417855
4764,0.471352219581604
12061,0.9853513240814209
8694,0.6897760629653931
11206,8.141908125480768e-08
10173,0.9909629225730896
5199,0.7029402256011963
5246,0.471352219581604
9434,0.0002651736722327769
9920,0.9998635053634644
3382,0.002846064977347851
456,0.07627520710229874
1108,0.9997543692588806
4162,0.00012732634786516428
2745,0.999404788017273
2551,0.0003144982038065791
1872,0.9414502382278442
6312,0.9501801133155823
8374,0.19675740599632263
11254,0.23009318113327026
9377,0.9995867609977722
2695,0.9998624324798584
579,0.005668803583830595
925,1.0681759476938169e-07
172,0.005868689622730017
9133,1.0
6880,0.0033785607665777206
1286,0.6106959581375122
2213,3.226026360941829e-19
1234,0.02183346077799797
5294,7.938875933177769e-05
5196,5.174407306185458e-06
7531,0.9906823635101318
8146,0.9594229459762573
10924,7.358992661465891e-06
12466,0.471352219581604
7424,2.8511087293736637e-05
4946,0.9997699856758118
12042,0.9800463914871216
3835,9.240322356163233e-07
3932,4.275310629964224e-07
6953,0.9980935454368591
4022,4.319878644309938e-05
8673,0.471352219581604
6544,0.9999387264251709
12090,0.9988383650779724
1335,0.999923586845398
11202,0.0005060574621893466
11147,0.9993932247161865
1971,2.530281051349448e-07
11522,0.471352219581604
11477,1.928334995682235e-06
1623,0.0008318023756146431
10018,0.0006655715988017619
9702,0.999996542930603
7235,9.185515068566019e-07
5082,0.471352219581604
5624,0.00016192329348996282
4835,0.0037115560844540596
6102,7.747036761429626e-06
6360,2.5184797777910717e-05
4712,5.060385319666239e-07
12326,0.9964061379432678
7382,0.471352219581604
10440,0.0015033078379929066
632,0.9999392032623291
8289,0.9955991506576538
2477,0.0109093077480793
2361,0.9991114735603333
3343,0.9714657664299011
8864,0.9976449608802795
56,0.0075434125028550625
10045,0.9992753863334656
5009,0.471352219581604
7915,0.002411143621429801
9513,0.471352219581604
10481,1.6011731531762052e-06
11484,0.009758250787854195
5596,0.9850768446922302
493,1.818415000798268e-07
2320,0.0009655782487243414
11902,0.9999525547027588
8265,0.9996694326400757
2881,0.9996752738952637
6397,0.00025897991145029664
4778,0.9991887211799622
4298,0.0012573003768920898
2172,0.15486286580562592
7272,0.9223452210426331
2196,0.999940037727356
3218,8.19419146864675e-05
7623,0.9991616010665894
9073,0.9999841451644897
4496,0.9975849390029907
2448,0.9938493371009827
3486,0.9999889135360718
4002,0.471352219581604
6602,0.9999860525131226
8052,2.8825435371970798e-09
5787,0.9974033236503601
10401,0.9374487400054932
2315,0.471352219581604
6000,0.9996726512908936
11917,0.004199010785669088
4758,8.50742871989496e-05
4166,0.9999786615371704
2559,1.0
335,0.9999998807907104
9066,0.9966374635696411
1263,0.9952912330627441
2301,0.9997758269309998
3381,0.0007818352896720171
1138,0.9914660453796387
6578,0.0006640244391746819
3325,0.8905013203620911
9731,0.471352219581604
6753,0.9999924898147583
7556,0.000230135177844204
1908,0.9999991655349731
10653,0.005674910731613636
11697,0.00020107586169615388
1233,1.5723077240181738e-06
7675,1.9231787518947385e-05
4702,0.00033631912083365023
5735,0.9999895095825195
1626,5.474661975313211e-06
12242,0.0010676311794668436
7255,0.471352219581604
9842,0.471352219581604
9567,0.9972219467163086
8472,0.10105568915605545
9387,0.9994572997093201
4113,0.9999516010284424
6065,0.9978293776512146
4176,0.9993884563446045
3455,0.9971746206283569
5005,0.012196758762001991
2130,7.59278435680244e-08
5165,0.9999885559082031
229,0.471352219581604
2165,0.010381420142948627
7783,0.9994434714317322
6113,0.9563551545143127
1860,0.9972877502441406
3428,0.00011421644012443721
5407,0.9262419939041138
860,3.946091897688575e-09
6724,0.00027597995358519256
7489,0.7491648197174072
6357,0.999618411064148
7504,0.9826616644859314
11090,0.8195163011550903
10145,0.9968313574790955
5734,6.499978189822286e-05
9510,0.471352219581604
5712,1.4495943787551369e-06
4428,4.834988067159429e-05
10848,0.9999903440475464
8147,0.999286949634552
2951,0.9999692440032959
10665,3.8307207432808354e-05
5648,3.9768085002833686e-07
6100,6.425870537896117e-07
55,0.0005332829314284027
10958,1.256330779142445e-05
8233,0.471352219581604
11310,0.9930058121681213
6104,0.9696881175041199
5348,0.9971206784248352
11216,0.009797568432986736
5606,0.471352219581604
12178,0.9743485450744629
4378,0.9992490410804749
11432,1.437520751323973e-07
1319,0.9959839582443237
4223,0.92070472240448
5397,0.00042764752288348973
5658,0.9997836947441101
8014,0.9851810932159424
4480,0.898286759853363
5056,0.9997648596763611
8615,0.9999998807907104
5189,0.9998643398284912
11176,0.9992756247520447
1640,0.9999681711196899
9189,0.0021961431484669447
12423,0.9936596751213074
9295,0.998386025428772
6771,0.9992628693580627
1370,0.0009864743333309889
2594,0.9999998807907104
2585,4.0264239942189306e-05
8259,0.471352219581604
6808,0.9973602890968323
2688,7.671986531931907e-05
5128,0.9999582767486572
8281,0.471352219581604
9090,2.823964673215329e-10
5813,0.998307466506958
5209,0.9837605953216553
2256,0.9913185834884644
739,0.835625410079956
3306,0.471352219581604
8279,0.9999901056289673
4330,0.999994158744812
4788,0.9991539716720581
7941,0.9942532181739807
7025,0.471352219581604
6432,0.9885872602462769
6239,0.8288733959197998
9271,0.0002456243964843452
8148,0.9999918937683105
9675,0.9985281229019165
7571,0.0035523439291864634
2639,1.3806169540941937e-08
1714,0.00016328523634001613
3291,0.9964955449104309
3629,0.053596131503582
10278,0.18674689531326294
3975,0.0030465684831142426
327,0.9997462630271912
2566,0.8728488087654114
1927,2.785300046159733e-10
7987,2.7018055334337987e-05
15,0.02473624050617218
3476,0.04968547821044922
445,0.471352219581604
11143,0.9999995231628418
11772,0.471352219581604
4552,3.742385524674319e-05
7370,0.9998486042022705
4403,0.10394943505525589
11837,0.9992192983627319
5841,0.0014980827691033483
9205,0.00011764448572648689
567,0.03552931174635887
7671,0.9999830722808838
8200,0.0013650701148435473
412,0.999945878982544
2877,0.022649193182587624
10007,6.0819656937383115e-05
746,0.9998754262924194
879,0.999969482421875
7899,0.08907902985811234
11962,0.00023805619275663048
10055,0.0010870725382119417
9622,0.00422825338318944
9331,0.004043906461447477
10557,0.0001686337636783719
10002,0.0012075963895767927
6282,6.969324658712139e-06
9456,0.9924716949462891
7992,0.022032953798770905
10167,0.996358335018158
928,0.005155360791832209
1976,0.24362553656101227
11738,2.7451649842191728e-09
9690,0.9999873638153076
2621,0.04031095653772354
12488,0.9999946355819702
1850,0.0155244842171669
4233,0.9998458623886108
1904,0.9999980926513672
5325,0.98084956407547
9262,0.025396695360541344
9134,0.9999868869781494
10889,1.2316931133682374e-05
2589,0.7410507202148438
6394,0.9999006986618042
7944,0.0037388447672128677
822,0.00015289030852727592
8484,0.004831863101571798
3506,0.9943132400512695
7461,0.39712318778038025
9886,0.9997723698616028
454,6.557198162226996e-08
2132,0.9968649744987488
1526,0.9999555349349976
1579,3.8036374462535605e-05
6594,0.9864224791526794
9081,0.018444912508130074
10154,0.9977237582206726
958,0.9999057054519653
5488,1.0
9761,0.9835772514343262
675,0.9996954202651978
4434,0.999984860420227
8301,0.9905459880828857
700,0.9587783813476562
808,0.002436891430988908
3834,0.0
11461,0.9992270469665527
394,0.9998683929443359
3676,0.9999995231628418
9101,0.9999996423721313
8930,0.014362146146595478
2871,0.9999830722808838
9132,0.0003752267512027174
9663,0.9987025260925293
345,0.20621126890182495
5251,0.9897130727767944
12336,0.04912419244647026
2858,0.03056185506284237
8657,0.00014073995407670736
8068,3.5989721709484e-06
8755,0.7154734134674072
5260,1.5954312857502373e-06
3050,0.471352219581604
11469,0.9683544635772705
10017,0.00036187830846756697
11977,0.01602816954255104
10655,5.919662004506832e-13
11400,0.9999998807907104
9925,0.9931566119194031
1308,0.9984911680221558
5790,0.0002722579229157418
157,8.644148579151079e-07
5941,9.40117024583742e-06
8692,9.057133569610049e-14
1747,4.736811752081849e-05
7364,0.9966869950294495
4942,0.003449144074693322
11752,0.9998353719711304
2346,3.796304497427627e-07
1742,0.999721109867096
10513,0.471352219581604
834,0.9434536695480347
3198,0.9984180927276611
7740,1.1948974133701995e-05
8357,0.471352219581604
10315,0.9999973773956299
8826,0.0010973378084599972
954,0.9955785870552063
11635,0.9949901700019836
7985,0.9805331230163574
8765,0.00020157996914349496
3521,0.9998608827590942
1204,0.0009310560417361557
11626,1.0
8318,0.899268627166748
459,0.0010176451178267598
8107,2.8799186111427844e-06
809,0.9980879426002502
2953,5.0416791054885834e-05
8872,3.9610551993973786e-07
3695,0.9982286095619202
6184,0.00048371139564551413
5204,0.0005726497620344162
2267,0.999980092048645
10222,0.00029043431277386844
8431,0.008553024381399155
3363,0.9988536834716797
1688,0.9989123344421387
6069,0.09782370924949646
215,5.969872290734202e-06
2378,0.9881876111030579
10231,0.9981492757797241
6764,0.004027264192700386
1143,0.006346795707941055
110,0.9999457597732544
4887,0.9064300060272217
7989,0.9886171221733093
8181,0.07584350556135178
171,0.471352219581604
712,0.9999575614929199
2048,0.9942681789398193
2665,0.0033123407047241926
8511,0.0005035424255765975
10635,1.6863216387719149e-06
3190,0.0005228910013101995
12271,0.24697692692279816
9978,0.9998894929885864
7028,4.4004733013025543e-07
7479,0.9984947443008423
12441,0.9859254956245422
3537,0.988402783870697
2233,6.381503044394776e-05
6587,0.9848157167434692
4827,0.0006823305157013237
9610,4.068481995744833e-09
6448,0.9915415644645691
10407,0.0009958094451576471
3986,0.9975124597549438
6975,0.9808250069618225
8277,0.9914537668228149
12221,0.0
5707,0.9924278855323792
6403,2.705652946133341e-07
10072,0.9991477727890015
8878,0.9994760155677795
5749,0.0008026956347748637
895,0.0036459576804190874
6329,4.929621354676783e-06
12016,9.000034333439544e-05
874,0.9641113877296448
9039,0.9997145533561707
11720,0.999945878982544
44,0.005797730293124914
4203,0.26860296726226807
1848,0.9236721992492676
907,0.9968051910400391
4106,0.0004119116347283125
10137,0.992408275604248
8855,0.9999829530715942
11699,0.9998582601547241
9656,0.991568386554718
1423,0.9921211004257202
2898,0.999657154083252
2031,0.7805131673812866
11910,0.768492579460144
10342,0.9999980926513672
7011,2.7374802868962433e-08
2587,0.9957411289215088
5502,0.9937096834182739
7337,1.0542477184571908e-06
857,0.8036848306655884
6183,0.0026491221506148577
7044,0.0011267177760601044
9320,7.045303895836241e-09
1530,0.9999556541442871
8502,1.2939205589646008e-05
8504,0.9995150566101074
5225,0.9966984391212463
3600,0.9350016713142395
3315,0.9999996423721313
5287,3.312186791504246e-08
9529,0.05478523299098015
8999,0.471352219581604
9161,0.9999990463256836
11747,6.773027649842334e-08
3685,0.471352219581604
969,0.9350513219833374
938,1.5490721594346724e-08
9166,3.6597914004232734e-05
4410,0.9999797344207764
7845,0.9943792223930359
173,4.627706584869884e-05
4236,0.00012700463412329555
10959,0.9659469723701477
2381,0.9999445676803589
9167,0.9999997615814209
5281,0.09785710275173187
6509,0.25548481941223145
1312,0.8709338307380676
11058,0.9907830357551575
11972,0.7498564124107361
9148,0.0010796845890581608
7970,0.00010833491978701204
7568,2.133552698069252e-05
1295,0.003683732356876135
9863,0.6932767033576965
784,0.9866299629211426
635,0.037566203624010086
3268,0.0005998931010253727
11787,0.9999045133590698
10362,8.831806752596094e-08
1192,0.000790464982856065
9615,0.9999297857284546
5728,1.2266631301827147e-06
5311,0.471352219581604
6946,0.0005785191897302866
1331,0.9996227025985718
2960,0.9522153735160828
2684,0.9886496067047119
7606,0.9892080426216125
9155,0.9998880624771118
5774,0.0005529085174202919
12461,0.9989326596260071
11684,0.0002170724474126473
